{
  "num_eval_samples": 6000,
  "exact_match_acc": 0.45816666666666667,
  "cer": 0.31161704750165925,
  "ned": 0.22664406156917213
}