{
  "num_eval_samples": 6000,
  "exact_match_acc": 0.41833333333333333,
  "cer": 0.3317531051483834,
  "ned": 0.2614827734779583
}